{"cameraMode":{"drawMode":0,"name":"Shaded","section":"Shading Mode"},"sceneLighting":false,"audioPlay":false,"sceneViewState":{"showFog":true,"showMaterialUpdate":false,"showSkybox":true,"showFlares":true,"showImageEffects":true,"showParticleSystems":true},"in2DMode":false,"pivot":{"x":6.821432590484619,"y":1.9899781942367554,"z":8.547464370727539},"rotation":{"x":0.006202015560120344,"y":-0.6026933789253235,"z":0.004748908802866936,"w":0.7981280088424683},"size":5.4439496994018559,"orthographic":false}