{"cameraMode":{"drawMode":0,"name":"Shaded","section":"Shading Mode"},"sceneLighting":true,"audioPlay":false,"sceneViewState":{"showFog":true,"showMaterialUpdate":false,"showSkybox":true,"showFlares":true,"showImageEffects":true,"showParticleSystems":true},"in2DMode":false,"pivot":{"x":3.787665367126465,"y":-3.3436365127563478,"z":-0.3929125666618347},"rotation":{"x":0.023213133215904237,"y":0.9705039858818054,"z":0.09273941069841385,"w":-0.22318588197231294},"size":13.474380493164063,"orthographic":false}