{"cameraMode":{"drawMode":0,"name":"Shaded","section":"Shading Mode"},"sceneLighting":true,"audioPlay":false,"sceneViewState":{"showFog":true,"showMaterialUpdate":false,"showSkybox":true,"showFlares":true,"showImageEffects":true,"showParticleSystems":true},"in2DMode":false,"pivot":{"x":16.74727439880371,"y":-0.4034627079963684,"z":-13.598200798034668},"rotation":{"x":-0.005098988767713308,"y":-0.9401699900627136,"z":0.008057399652898312,"w":-0.3417285978794098},"size":30.71460723876953,"orthographic":false}