{"cameraMode":{"drawMode":0,"name":"Shaded","section":"Shading Mode"},"sceneLighting":true,"audioPlay":false,"sceneViewState":{"showFog":true,"showMaterialUpdate":false,"showSkybox":true,"showFlares":true,"showImageEffects":true,"showParticleSystems":true},"in2DMode":false,"pivot":{"x":22.164566040039064,"y":-39.088218688964847,"z":3.4669153690338136},"rotation":{"x":0.0936238020658493,"y":0.8917427062988281,"z":-0.3864630460739136,"w":0.21655899286270142},"size":86.09606170654297,"orthographic":false}